n_combination,best_combination,best_portfolio_weights,max_sharpe_ratio,timestamp
14,"('COP', 'PXD', 'CBOE', 'MCK', 'AMGN', 'LLY', 'EPAM', 'GIS', 'TRV', 'TAP', 'HUM', 'SLB', 'ED', 'LDOS')","(0.2, 0.010000000000000033, 0.10999999999999893, 0.19999999999999987, 0.010000000000000358, 0.19999999999999982, 0.010000000000000566, 0.010000000000000118, 0.010000000000000312, 0.01, 0.010000000000000099, 0.19999999999999984, 0.01000000000000015, 0.010000000000000274)",1.7928277262861607,2023-11-10 21:10:32.536743
33,"('MMC', 'MRK', 'LLY', 'MCK', 'ETN', 'TAP', 'IT', 'SNPS', 'CF', 'PH', 'CTAS', 'REGN', 'PHM', 'APA', 'MSI', 'FANG', 'HES', 'BSX', 'SLB', 'TDG', 'FSLR', 'COP', 'EOG', 'RCL', 'MPC', 'WMB', 'NOC', 'HII', 'BKR', 'AVGO', 'GL', 'PCAR', 'ORCL')","(0.005, 0.005000000000000172, 0.19999999999999965, 0.06000000000000105, 0.0050000000000001, 0.005, 0.005, 0.005, 0.00500000000000047, 0.005, 0.005, 0.005000000000000096, 0.005000000000000016, 0.00500000000000002, 0.005, 0.005, 0.19999999999999965, 0.00500000000000022, 0.19999999999999937, 0.005, 0.005000000000000512, 0.005, 0.005, 0.005, 0.2, 0.005000000000000005, 0.005000000000000031, 0.005000000000000041, 0.005, 0.005, 0.00500000000000001, 0.005000000000000031, 0.00500000000000006)",2.051946645613678,2023-11-10 21:34:30.241424
47,"('CAH', 'URI', 'FICO', 'GE', 'WMB', 'LVS', 'HES', 'FSLR', 'ETN', 'PWR', 'PXD', 'OXY', 'MMC', 'KLAC', 'LLY', 'AJG', 'ORCL', 'IR', 'ORLY', 'LIN', 'WRB', 'TT', 'MPC', 'NUE', 'TAP', 'TMUS', 'STLD', 'HUBB', 'TJX', 'LW', 'NVDA', 'CI', 'EQT', 'EOG', 'SLB', 'MRK', 'AXON', 'GD', 'PCAR', 'PANW', 'BSX', 'CPRT', 'REGN', 'PCG', 'MCK', 'MRO', 'CBOE')","(0.005, 0.00500000000000108, 0.19999999999999785, 0.005, 0.005, 0.005, 0.005000000000000154, 0.005000000000000476, 0.005, 0.0050000000000002594, 0.005000000000000157, 0.19423997513415228, 0.005, 0.005, 0.19076002486584667, 0.005000000000000105, 0.005000000000000439, 0.005000000000000265, 0.005, 0.005000000000000027, 0.0050000000000005275, 0.005000000000000923, 0.19999999999999607, 0.00500000000000007, 0.0050000000000000825, 0.005000000000000585, 0.005, 0.0050000000000002985, 0.005000000000000435, 0.005000000000000249, 0.005, 0.005000000000000456, 0.005000000000000001, 0.005000000000000469, 0.005000000000000618, 0.005000000000000307, 0.005000000000000027, 0.005000000000000377, 0.005000000000000279, 0.005000000000000268, 0.005000000000000064, 0.005000000000000645, 0.005000000000000171, 0.0050000000000000695, 0.005000000000000041, 0.005, 0.005000000000000345)",2.2395876643785866,2023-11-10 21:50:16.873939
49,"('KLAC', 'PANW', 'FICO', 'BKNG', 'TRGP', 'EQT', 'ANET', 'PGR', 'APA', 'LLY', 'ORLY', 'PXD', 'HWM', 'WMB', 'FANG', 'PCAR', 'MAR', 'VLO', 'MCK', 'CBOE', 'CMG', 'TDG', 'GWW', 'PKG', 'CDNS', 'AXON', 'MSI', 'EG', 'AVGO', 'PHM', 'HES', 'MRO', 'SNA', 'VRTX', 'LW', 'BSX', 'AZO', 'NOC', 'OXY', 'IT', 'HAL', 'HUBB', 'STLD', 'COP', 'CAT', 'WAB', 'MPC', 'CVX', 'XOM')","(0.005000000000000001, 0.005000000000000422, 0.2, 0.005000000000000178, 0.005000000000000175, 0.005000000000000001, 0.005, 0.005, 0.005000000000000137, 0.18580975444818915, 0.005, 0.005, 0.005000000000000027, 0.005, 0.005, 0.005, 0.005000000000000034, 0.005, 0.005, 0.005, 0.005, 0.005000000000000142, 0.005, 0.005000000000000072, 0.005000000000000185, 0.005, 0.005000000000000157, 0.005, 0.005, 0.005, 0.00500000000000037, 0.005000000000000047, 0.005, 0.005, 0.005000000000000082, 0.005000000000000093, 0.005, 0.0050000000000000626, 0.18919024555181382, 0.005000000000000366, 0.005, 0.005, 0.005, 0.005, 0.0050000000000001415, 0.005000000000000167, 0.19999999999999923, 0.0050000000000001476, 0.0050000000000001345)",2.172822461343992,2023-11-10 21:54:13.604561
9,"('AVGO', 'OXY', 'LLY', 'LMT', 'PGR', 'ORCL', 'LW', 'AZO', 'COP')","(0.010000000000000002, 0.2, 0.1999999999999999, 0.01, 0.19999999999999982, 0.01, 0.1600000000000003, 0.010000000000000028, 0.2)",1.801436635746548,2023-11-10 21:56:30.534841
18,"('LIN', 'LMT', 'PKG', 'VRTX', 'AJG', 'CBOE', 'ORCL', 'ACGL', 'MNST', 'PWR', 'CAH', 'LLY', 'NOC', 'FICO', 'GD', 'KLAC', 'XOM', 'CTAS')","(0.01, 0.010000000000000148, 0.010000000000000049, 0.04030313014109965, 0.01, 0.01, 0.01, 0.1999999999999999, 0.01, 0.010000000000000042, 0.19999999999999976, 0.2, 0.010000000000000026, 0.2, 0.010000000000000085, 0.010000000000000038, 0.03969686985890067, 0.01)",2.18668723571412,2023-11-10 21:57:31.990486
34,"('TT', 'COP', 'CTRA', 'AMGN', 'TMUS', 'AZO', 'CVX', 'SNA', 'NVDA', 'LDOS', 'KLAC', 'PH', 'IT', 'MSI', 'CAH', 'OXY', 'PTC', 'CMG', 'PANW', 'HAL', 'LIN', 'PSX', 'FANG', 'IRM', 'ORLY', 'XOM', 'LLY', 'ETN', 'TDG', 'STLD', 'LMT', 'BKNG', 'ACGL', 'FSLR')","(0.005000000000000309, 0.005000000000000444, 0.005000000000001489, 0.005000000000000415, 0.00500000000000022, 0.005000000000000375, 0.005000000000000128, 0.005000000000000338, 0.19999999999999835, 0.005000000000000285, 0.005, 0.005000000000000139, 0.005000000000000008, 0.005000000000000225, 0.1999999999999987, 0.19999999999999815, 0.005000000000000252, 0.005000000000000448, 0.005000000000000241, 0.005000000000000189, 0.005000000000000395, 0.005000000000000221, 0.005000000000000592, 0.005000000000000402, 0.005000000000000444, 0.005, 0.19999999999999832, 0.005000000000000322, 0.005000000000000276, 0.05499999999999884, 0.005000000000000156, 0.005000000000000269, 0.005000000000000034, 0.005)",2.063311534337756,2023-11-10 22:03:20.324209
16,"('AVGO', 'NUE', 'CBOE', 'AZO', 'HES', 'ACGL', 'VRTX', 'PCAR', 'HUBB', 'LLY', 'HAL', 'MPC', 'AXON', 'IRM', 'PCG', 'ETN')","(0.010000000000000356, 0.01, 0.01, 0.010000000000000056, 0.19999999999999987, 0.19999999999999996, 0.010000000000000035, 0.010000000000000255, 0.01000000000000006, 0.19999999999999998, 0.09000000000000023, 0.2, 0.01, 0.01, 0.01, 0.010000000000000077)",2.0489103644210944,2023-11-10 22:26:52.576911
29,"('AJG', 'CBOE', 'SNPS', 'WAB', 'MSI', 'NVDA', 'GE', 'MRO', 'ROL', 'BKR', 'CF', 'GWW', 'PCG', 'PGR', 'IT', 'COR', 'PSX', 'TRGP', 'CPRT', 'CAH', 'HUBB', 'PWR', 'LLY', 'TDG', 'PKG', 'TT', 'MPC', 'IRM', 'MRK')","(0.010000000000000044, 0.01, 0.01, 0.01000000000000016, 0.01, 0.2, 0.01, 0.01, 0.01, 0.010000000000000082, 0.01, 0.01, 0.01, 0.010000000000000078, 0.01, 0.01, 0.010000000000000297, 0.01, 0.010000000000000106, 0.1500000000000006, 0.01, 0.01000000000000013, 0.19999999999999973, 0.01, 0.01000000000000012, 0.01, 0.2, 0.01, 0.01)",2.03199148147314,2023-11-10 22:30:05.826103
30,"('ANET', 'BKNG', 'IRM', 'EG', 'AVGO', 'HUBB', 'FANG', 'COP', 'PANW', 'ACGL', 'CVX', 'BSX', 'HWM', 'RCL', 'LIN', 'PH', 'SLB', 'OXY', 'FICO', 'MRK', 'STLD', 'MPC', 'TT', 'CF', 'CMG', 'LLY', 'CTAS', 'MSI', 'HII', 'CPRT')","(0.01, 0.010000000000000096, 0.01000000000000048, 0.010000000000000078, 0.01, 0.010000000000000333, 0.010000000000000278, 0.010000000000000175, 0.01, 0.010000000000000264, 0.01000000000000025, 0.010000000000000018, 0.010000000000000897, 0.01, 0.01, 0.01, 0.010000000000000026, 0.17047405912976654, 0.19999999999999948, 0.01, 0.01000000000000029, 0.19999999999999954, 0.01, 0.010000000000000073, 0.01, 0.16952594087023237, 0.010000000000000269, 0.01, 0.010000000000000281, 0.010000000000000163)",2.011951546848171,2023-11-10 22:30:31.051659
26,"('FICO', 'HUBB', 'CVX', 'PTC', 'SLB', 'IRM', 'ANET', 'WRB', 'CF', 'KLAC', 'TMUS', 'HWM', 'AVGO', 'WMB', 'FANG', 'NVDA', 'COP', 'PSX', 'GWW', 'ORLY', 'AXON', 'BKR', 'FSLR', 'LLY', 'LW', 'COR')","(0.2, 0.01, 0.01, 0.010000000000000118, 0.18000000000000016, 0.010000000000000005, 0.010000000000000174, 0.01, 0.010000000000000023, 0.01, 0.01, 0.010000000000000071, 0.01000000000000007, 0.01, 0.01, 0.19999999999999982, 0.01, 0.01, 0.010000000000000057, 0.010000000000000113, 0.01, 0.010000000000000042, 0.010000000000000002, 0.2, 0.01, 0.010000000000000162)",1.891964807561163,2023-11-10 22:58:07.841925
38,"('HAL', 'PH', 'AVGO', 'CAH', 'ETN', 'NOC', 'IR', 'CMG', 'MCK', 'IT', 'FANG', 'HUBB', 'ACGL', 'PHM', 'ANET', 'ORCL', 'PXD', 'VLO', 'TJX', 'FSLR', 'FICO', 'AZO', 'SNA', 'SNPS', 'PCAR', 'ROL', 'WMB', 'HES', 'PCG', 'SLB', 'RSG', 'BKNG', 'CF', 'LLY', 'PANW', 'NUE', 'PGR', 'LVS')","(0.005, 0.005, 0.005, 0.2, 0.005, 0.00500000000000002, 0.005, 0.005, 0.005000000000000051, 0.0050000000000001606, 0.005, 0.005000000000000181, 0.03500000000000072, 0.005, 0.005, 0.005, 0.005000000000000074, 0.005, 0.005, 0.005, 0.2, 0.005, 0.005, 0.005, 0.005000000000000042, 0.005, 0.005, 0.2, 0.005000000000000198, 0.005000000000000116, 0.005, 0.005, 0.005, 0.2, 0.005, 0.005, 0.005, 0.005)",2.234461778985024,2023-11-10 23:05:47.905448
40,"('HES', 'TT', 'MRK', 'CAT', 'HWM', 'PANW', 'CAH', 'CDNS', 'ANET', 'AVGO', 'GE', 'TDG', 'DHI', 'ORCL', 'IRM', 'GD', 'SNPS', 'HAL', 'MNST', 'MCK', 'LVS', 'MAR', 'AJG', 'HUBB', 'FSLR', 'NVDA', 'AMGN', 'PHM', 'TAP', 'LW', 'GL', 'CI', 'TJX', 'CF', 'APA', 'MPC', 'STLD', 'EG', 'LLY', 'ETN')","(0.1999999999999999, 0.005, 0.005000000000000018, 0.00500000000000005, 0.005, 0.0050000000000001675, 0.024999999999999342, 0.005, 0.005000000000000145, 0.005, 0.005000000000000013, 0.005000000000000402, 0.005, 0.005, 0.005, 0.0050000000000001, 0.00500000000000029, 0.005000000000000036, 0.005, 0.005, 0.005000000000000379, 0.005, 0.0050000000000002464, 0.005, 0.005, 0.1999999999999999, 0.005000000000000315, 0.005, 0.0050000000000003045, 0.005000000000000055, 0.005000000000000191, 0.005, 0.005000000000000083, 0.005000000000000201, 0.005000000000000015, 0.19999999999999987, 0.005000000000000135, 0.005000000000000103, 0.2, 0.005000000000000077)",2.1723672898567394,2023-11-10 23:07:52.434050
28,"('LLY', 'COR', 'AMGN', 'TAP', 'TT', 'GWW', 'WMB', 'WRB', 'MPC', 'TMUS', 'CAH', 'PWR', 'PCAR', 'ETN', 'PHM', 'URI', 'EOG', 'VRTX', 'HAL', 'IRM', 'ORCL', 'LDOS', 'BKNG', 'CI', 'HES', 'LMT', 'TRGP', 'NVDA')","(0.2, 0.010000000000000063, 0.01, 0.01, 0.01, 0.010000000000000087, 0.01000000000000004, 0.01, 0.2, 0.01000000000000002, 0.009999999999999995, 0.01, 0.01, 0.01000000000000015, 0.01, 0.010000000000000071, 0.010000000000000068, 0.01, 0.01, 0.01, 0.010000000000000096, 0.01, 0.01, 0.01, 0.17682770121093858, 0.01, 0.010000000000000134, 0.18317229878906224)",2.0426730886338267,2023-11-10 23:28:40.669130
37,"('IRM', 'MRK', 'CDNS', 'IR', 'CVX', 'GL', 'KLAC', 'HWM', 'COP', 'CAH', 'CI', 'FICO', 'AXON', 'STLD', 'PTC', 'CTAS', 'MCK', 'PGR', 'LLY', 'CBOE', 'MNST', 'OXY', 'MSI', 'WRB', 'HUBB', 'GWW', 'LIN', 'LVS', 'FANG', 'HES', 'PKG', 'TT', 'ORLY', 'PH', 'LMT', 'VRTX', 'MPC')","(0.005, 0.005000000000000098, 0.005000000000001002, 0.005000000000000306, 0.005000000000000279, 0.005000000000000166, 0.005, 0.005, 0.005000000000000054, 0.005, 0.005000000000000365, 0.1999999999999993, 0.005000000000000039, 0.005000000000000306, 0.00500000000000047, 0.005000000000000057, 0.005, 0.005, 0.1999999999999983, 0.005000000000000191, 0.0050000000000003245, 0.19999999999999882, 0.0050000000000000825, 0.005000000000000062, 0.005000000000000002, 0.005000000000000175, 0.005000000000000083, 0.005, 0.005000000000000167, 0.0399999999999999, 0.005000000000000346, 0.00500000000000037, 0.005000000000000116, 0.005000000000000114, 0.005000000000000029, 0.005000000000000026, 0.19999999999999957)",2.2749242288505087,2023-11-10 23:34:37.624279
46,"('LIN', 'MRO', 'CAH', 'TMUS', 'PGR', 'COP', 'CMG', 'TDG', 'SLB', 'WAB', 'TAP', 'MCK', 'CVX', 'URI', 'CPRT', 'RCL', 'KLAC', 'BSX', 'IR', 'MNST', 'ACGL', 'CAT', 'VLO', 'FANG', 'HES', 'LDOS', 'TJX', 'TT', 'HWM', 'FICO', 'OXY', 'SNPS', 'NVDA', 'PCAR', 'PKG', 'EQT', 'STLD', 'ORCL', 'ANET', 'SNA', 'GE', 'TRGP', 'WRB', 'LLY', 'CF', 'WMB')","(0.005, 0.00500000000000057, 0.0050000000000003705, 0.005, 0.005, 0.005000000000000177, 0.005, 0.0050000000000001345, 0.005, 0.0050000000000001285, 0.005, 0.005000000000000134, 0.005, 0.005, 0.005, 0.005, 0.005, 0.005, 0.005, 0.005, 0.005, 0.005, 0.005, 0.005, 0.005000000000000001, 0.005000000000000154, 0.005, 0.0050000000000001415, 0.005, 0.2, 0.2, 0.00500000000000006, 0.005000000000000001, 0.005, 0.005, 0.19000000000000236, 0.005, 0.005, 0.005, 0.005, 0.005, 0.005, 0.005, 0.2, 0.005, 0.005)",2.199475112216534,2023-11-10 23:47:00.636523
13,"('MPC', 'PTC', 'LLY', 'PANW', 'CAH', 'KLAC', 'ORLY', 'HUBB', 'AVGO', 'DHI', 'PWR', 'FSLR', 'LIN')","(0.29999999999999943, 0.010000000000000207, 0.29999999999999916, 0.01000000000000052, 0.2999999999999995, 0.0100000000000003, 0.010000000000000167, 0.010000000000000038, 0.010000000000000293, 0.010000000000000274, 0.010000000000000417, 0.009999999999999995, 0.010000000000000009)",2.194749753989775,2023-11-11 11:32:43.773373
20,"('ACGL', 'TRGP', 'FICO', 'AVGO', 'MRK', 'AJG', 'KLAC', 'TJX', 'BKNG', 'FANG', 'MAR', 'WRB', 'LMT', 'HII', 'LLY', 'MPC', 'CMG', 'TMUS', 'CF', 'ORCL')","(0.01000000000000056, 0.01, 0.2999999999999994, 0.010000000000000384, 0.01, 0.01, 0.01, 0.010000000000000354, 0.01, 0.01, 0.010000000000000231, 0.010000000000000083, 0.01, 0.010000000000000134, 0.2300000000000008, 0.2999999999999992, 0.010000000000000031, 0.010000000000000186, 0.010000000000000165, 0.010000000000000188)",2.1518691518944366,2023-11-11 11:33:32.080552
22,"('WRB', 'WMB', 'VRTX', 'CTAS', 'LLY', 'LVS', 'TAP', 'CF', 'LMT', 'STLD', 'FICO', 'PGR', 'LW', 'BSX', 'ACGL', 'PSX', 'GL', 'BKR', 'NOC', 'BKNG', 'HAL', 'CAH')","(0.01, 0.01, 0.010000000000000621, 0.010000000000000175, 0.2999999999999991, 0.010000000000000574, 0.01000000000000049, 0.010000000000000085, 0.01, 0.010000000000000342, 0.2999999999999988, 0.01, 0.010000000000000231, 0.010000000000000137, 0.01, 0.010000000000000401, 0.010000000000000092, 0.010000000000000057, 0.010000000000000083, 0.01000000000000004, 0.01, 0.2100000000000002)",2.2040020778353826,2023-11-11 11:33:57.952879
24,"('LVS', 'WMB', 'MCK', 'LLY', 'ACGL', 'PSX', 'KLAC', 'URI', 'COR', 'WRB', 'FICO', 'PWR', 'PXD', 'CAH', 'RCL', 'PCG', 'STLD', 'CMG', 'DHI', 'TAP', 'PHM', 'TRGP', 'MRO', 'PANW')","(0.010000000000000174, 0.01, 0.01, 0.2999999999999998, 0.01, 0.010000000000000064, 0.010000000000000361, 0.01, 0.01, 0.010000000000000012, 0.3, 0.010000000000000545, 0.01, 0.18999999999999784, 0.01, 0.01, 0.010000000000003027, 0.01, 0.010000000000000158, 0.010000000000000097, 0.01, 0.01, 0.01, 0.010000000000000068)",2.201342055878047,2023-11-11 11:34:32.479465
25,"('BKR', 'EG', 'DHI', 'TMUS', 'CF', 'MPC', 'SNPS', 'OXY', 'GL', 'NUE', 'CVX', 'LLY', 'PGR', 'CAH', 'HAL', 'PXD', 'ACGL', 'PANW', 'NOC', 'PKG', 'FICO', 'AZO', 'IR', 'AJG', 'MCK')","(0.01, 0.01, 0.010000000000000538, 0.01000000000000003, 0.010000000000000224, 0.3, 0.010000000000000217, 0.09721503364634945, 0.01, 0.010000000000000139, 0.01, 0.09278496635364888, 0.010000000000000182, 0.01, 0.01, 0.010000000000000002, 0.01, 0.01, 0.01, 0.010000000000000168, 0.3, 0.010000000000000156, 0.010000000000000146, 0.010000000000000137, 0.01)",2.266996021285689,2023-11-11 11:34:50.640014
39,"('SLB', 'MAR', 'PSX', 'WRB', 'ANET', 'LMT', 'TMUS', 'APA', 'CTRA', 'HES', 'VLO', 'GWW', 'LVS', 'NOC', 'TT', 'CI', 'FANG', 'CTAS', 'HAL', 'MPC', 'EQT', 'ETN', 'GE', 'ACGL', 'XOM', 'WAB', 'MSI', 'TJX', 'PXD', 'LW', 'MMC', 'DHI', 'CAH', 'URI', 'ORCL', 'PGR', 'AZO', 'LLY', 'ROL')","(0.005, 0.005, 0.005000000000000382, 0.005000000000000576, 0.005, 0.005000000000000122, 0.005, 0.005, 0.005000000000000344, 0.005000000000000851, 0.005, 0.005, 0.0050000000000001025, 0.005, 0.005, 0.005, 0.005, 0.005, 0.005, 0.3, 0.22000000000000178, 0.005, 0.005, 0.0050000000000002855, 0.005, 0.005, 0.005000000000000432, 0.0050000000000000495, 0.005, 0.005, 0.005, 0.005, 0.00500000000000067, 0.005000000000000109, 0.005000000000000056, 0.005, 0.005, 0.2999999999999999, 0.00500000000000016)",2.176848091432551,2023-11-11 11:43:53.218281
45,"('LMT', 'CDNS', 'GL', 'CPRT', 'PXD', 'URI', 'HUBB', 'CBOE', 'MRO', 'PCAR', 'AVGO', 'IR', 'LW', 'ETN', 'LIN', 'NVDA', 'EOG', 'GD', 'PH', 'IRM', 'NOC', 'TDG', 'MCK', 'PHM', 'APA', 'STLD', 'TT', 'REGN', 'HII', 'PCG', 'HAL', 'MPC', 'KLAC', 'GE', 'FSLR', 'SLB', 'EQT', 'LVS', 'BKNG', 'WMB', 'HWM', 'MNST', 'MAR', 'LLY', 'LDOS')","(0.005000000000000362, 0.005, 0.0050000000000001875, 0.005000000000000199, 0.005000000000000085, 0.005000000000000226, 0.005000000000000612, 0.0050000000000000695, 0.0050000000000002065, 0.0050000000000002464, 0.0050000000000004026, 0.005000000000000426, 0.005, 0.005000000000000068, 0.005000000000000868, 0.005, 0.005000000000000103, 0.005000000000000789, 0.005000000000000686, 0.005000000000000285, 0.005000000000000381, 0.005000000000000184, 0.005, 0.005000000000000068, 0.005000000000000626, 0.005, 0.005000000000000486, 0.005, 0.005000000000000462, 0.0050000000000003, 0.005000000000000253, 0.2999999999999963, 0.005000000000000129, 0.0050000000000003, 0.005, 0.005000000000000319, 0.18999999999999795, 0.005000000000000157, 0.005, 0.005000000000000309, 0.005000000000000124, 0.0050000000000001155, 0.005, 0.2999999999999974, 0.005000000000000204)",2.1327137086176315,2023-11-11 11:53:20.507020
48,"('APA', 'CTAS', 'CVX', 'PANW', 'ANET', 'WRB', 'TMUS', 'LIN', 'CAT', 'LVS', 'GD', 'CTRA', 'PCAR', 'CDNS', 'PWR', 'LW', 'TRGP', 'MNST', 'LLY', 'PGR', 'MAR', 'HUBB', 'PSX', 'BKR', 'STLD', 'CI', 'CAH', 'PTC', 'LDOS', 'HES', 'KLAC', 'COR', 'ROL', 'PKG', 'FICO', 'VLO', 'CMG', 'GWW', 'COP', 'ORLY', 'IT', 'SNPS', 'REGN', 'MPC', 'PXD', 'TT', 'NUE', 'AMGN')","(0.005000000000000411, 0.005000000000000368, 0.005000000000000565, 0.005000000000000293, 0.005, 0.005, 0.005, 0.005, 0.005000000000000496, 0.005000000000000377, 0.005, 0.005, 0.0050000000000000235, 0.005000000000000133, 0.0050000000000002594, 0.005000000000000068, 0.005, 0.005000000000000151, 0.17499999999999816, 0.005000000000000112, 0.005000000000000146, 0.005, 0.005000000000000103, 0.005000000000000112, 0.005, 0.005000000000000017, 0.005, 0.005000000000000328, 0.0050000000000004294, 0.005, 0.005000000000000171, 0.005000000000000021, 0.005000000000000532, 0.005000000000000171, 0.3, 0.005, 0.0050000000000000044, 0.005, 0.00500000000000007, 0.005, 0.005000000000000015, 0.0050000000000000955, 0.005, 0.3, 0.005000000000000105, 0.005, 0.005000000000000048, 0.0050000000000000495)",2.180167507814021,2023-11-11 11:58:52.220475
21,"('NVDA', 'AJG', 'AVGO', 'HWM', 'FICO', 'LVS', 'CBOE', 'CVX', 'MPC', 'PXD', 'CMG', 'BSX', 'WAB', 'LMT', 'OXY', 'LLY', 'XOM', 'PCG', 'TT', 'GE', 'GWW')","(0.01, 0.010000000000000031, 0.01, 0.01, 0.2999999999999999, 0.01000000000000048, 0.01, 0.010000000000000158, 0.3, 0.01, 0.010000000000000255, 0.010000000000000255, 0.010000000000000361, 0.010000000000000099, 0.11708136555266316, 0.11291863444733646, 0.01, 0.01, 0.010000000000000332, 0.010000000000000148, 0.01)",2.0769692411330176,2023-11-11 12:06:02.495038
5,"('FSLR', 'LLY', 'PWR', 'VRTX', 'ACGL')","(0.29999999999999993, 0.3, 0.010000000000000111, 0.08999999999999998, 0.29999999999999993)",1.9695817897786647,2023-11-11 12:26:08.543983
15,"('SLB', 'CDNS', 'HAL', 'TDG', 'HWM', 'PGR', 'LLY', 'SNPS', 'FANG', 'CVX', 'PHM', 'IT', 'OXY', 'EG', 'HES')","(0.010000000000000168, 0.010000000000000012, 0.010000000000000085, 0.01, 0.01, 0.010000000000000097, 0.3, 0.010000000000000028, 0.0100000000000002, 0.01, 0.01, 0.010000000000000009, 0.3, 0.010000000000000071, 0.2799999999999995)",1.8246781070261484,2023-11-11 12:27:03.703148
44,"('MRK', 'PCAR', 'HWM', 'APA', 'NOC', 'TRGP', 'PKG', 'FICO', 'CF', 'LLY', 'TT', 'LIN', 'DHI', 'HUBB', 'AXON', 'ACGL', 'NVDA', 'LMT', 'VLO', 'STLD', 'BSX', 'CVX', 'RCL', 'BKNG', 'TMUS', 'ORCL', 'AZO', 'TAP', 'CTRA', 'IR', 'URI', 'ANET', 'HII', 'MNST', 'HES', 'MAR', 'MMC', 'COR', 'CTAS', 'PTC', 'CMG', 'MCK', 'BKR', 'AVGO')","(0.005, 0.005, 0.005000000000000427, 0.0050000000000006315, 0.005000000000000376, 0.005000000000000013, 0.00500000000000039, 0.29999999999999943, 0.005000000000000251, 0.2999999999999986, 0.005000000000000053, 0.005000000000000108, 0.005000000000000295, 0.005, 0.005, 0.00500000000000031, 0.10132910733588855, 0.005000000000000078, 0.005000000000000255, 0.005000000000000001, 0.005, 0.005000000000000129, 0.005, 0.005, 0.005000000000000096, 0.005000000000000185, 0.005000000000000153, 0.005000000000000099, 0.005000000000000392, 0.005000000000000103, 0.005, 0.005, 0.005, 0.005000000000000033, 0.09867089266411029, 0.005000000000000046, 0.005000000000000177, 0.005000000000000078, 0.005, 0.00500000000000012, 0.005, 0.005000000000000006, 0.005, 0.005)",2.1608464564836063,2023-11-11 12:44:20.118725
12,"('SNA', 'BKR', 'CDNS', 'CBOE', 'LLY', 'CPRT', 'VRTX', 'PGR', 'RCL', 'OXY', 'NUE', 'MPC')","(0.01, 0.010000000000000139, 0.010000000000000037, 0.01, 0.3, 0.01, 0.01999999999999992, 0.010000000000000002, 0.01, 0.3, 0.01, 0.3)",2.0456202960641545,2023-11-11 12:56:41.705070
19,"('BSX', 'EQT', 'CDNS', 'FICO', 'PKG', 'APA', 'RCL', 'LVS', 'TAP', 'PTC', 'HAL', 'CF', 'MRK', 'ANET', 'PXD', 'CAH', 'DHI', 'MCK', 'XOM')","(0.01, 0.3, 0.010000000000000332, 0.3, 0.01, 0.01, 0.01, 0.01, 0.01, 0.01, 0.01, 0.01, 0.01, 0.01, 0.01, 0.24000000000000032, 0.010000000000000056, 0.010000000000001084, 0.01)",2.029249138930777,2023-11-11 12:57:20.941758
35,"('TMUS', 'PCAR', 'VLO', 'TJX', 'MMC', 'PCG', 'IRM', 'MCK', 'KLAC', 'STLD', 'OXY', 'APA', 'PTC', 'GL', 'WMB', 'CAH', 'CPRT', 'MSI', 'HWM', 'XOM', 'RCL', 'AXON', 'SLB', 'EOG', 'TRGP', 'LLY', 'CF', 'CDNS', 'ANET', 'FANG', 'AJG', 'WRB', 'LMT', 'MAR', 'MRK')","(0.005000000000000199, 0.005, 0.005, 0.005, 0.005, 0.005000000000000153, 0.005000000000000146, 0.005000000000000465, 0.005, 0.005000000000000643, 0.3, 0.005, 0.005, 0.005, 0.005, 0.24, 0.005, 0.005, 0.005, 0.005000000000000092, 0.005, 0.005, 0.005, 0.005, 0.005000000000000233, 0.3, 0.005, 0.005, 0.0050000000000003705, 0.005, 0.005, 0.005, 0.005, 0.005000000000000009, 0.005)",2.1150207285492093,2023-11-11 13:03:42.994511
41,"('GD', 'MRK', 'CPRT', 'CF', 'HII', 'LLY', 'MRO', 'MPC', 'IRM', 'CDNS', 'SNA', 'LMT', 'ORCL', 'RCL', 'BKNG', 'BSX', 'ACGL', 'LIN', 'CMG', 'AZO', 'PWR', 'HWM', 'PCAR', 'MCK', 'GE', 'PH', 'MNST', 'XOM', 'VLO', 'AJG', 'TRGP', 'PXD', 'DHI', 'WAB', 'AXON', 'FICO', 'LVS', 'KLAC', 'CVX', 'STLD', 'NOC')","(0.005, 0.005000000000000204, 0.005, 0.005, 0.005, 0.2099999999999997, 0.005000000000000273, 0.2999999999999993, 0.005000000000000292, 0.005000000000000146, 0.005, 0.005, 0.005, 0.005000000000000188, 0.005000000000000187, 0.005000000000000271, 0.005, 0.005000000000000133, 0.005, 0.005, 0.005000000000000127, 0.005, 0.005, 0.005000000000000174, 0.005000000000000278, 0.005, 0.005000000000000338, 0.005, 0.005000000000000243, 0.0050000000000001935, 0.005, 0.0050000000000003245, 0.005000000000000299, 0.0050000000000001285, 0.005000000000000084, 0.29999999999999943, 0.005000000000000123, 0.005000000000000282, 0.00500000000000016, 0.005, 0.005000000000000094)",2.24729071232968,2023-11-11 13:09:40.552151
43,"('MRO', 'IT', 'IRM', 'REGN', 'OXY', 'FSLR', 'TT', 'IR', 'XOM', 'EG', 'MSI', 'CF', 'AZO', 'LIN', 'PHM', 'LLY', 'PH', 'HAL', 'ORCL', 'CAH', 'TDG', 'PCG', 'RCL', 'NVDA', 'MCK', 'VRTX', 'BSX', 'CTRA', 'AVGO', 'HWM', 'PTC', 'SNA', 'PSX', 'TMUS', 'URI', 'FANG', 'WMB', 'ANET', 'ACGL', 'GWW', 'EOG', 'MPC', 'ORLY')","(0.005, 0.005000000000000337, 0.005000000000000566, 0.0050000000000001085, 0.2507429764409188, 0.005, 0.005, 0.005, 0.005, 0.005, 0.005, 0.005, 0.005000000000000116, 0.005000000000000021, 0.005000000000000425, 0.24925702355908158, 0.005000000000000007, 0.005000000000000164, 0.005, 0.005000000000000037, 0.005, 0.005, 0.005, 0.005000000000000469, 0.005000000000000129, 0.005, 0.005000000000000224, 0.005, 0.005, 0.005000000000000069, 0.005, 0.005, 0.005000000000000071, 0.005, 0.005, 0.005, 0.005000000000000023, 0.005, 0.005, 0.005, 0.005, 0.3, 0.005)",2.1980252669023623,2023-11-11 13:12:09.728001
17,"('ETN', 'HWM', 'PXD', 'PHM', 'LW', 'REGN', 'VRTX', 'NUE', 'LLY', 'TAP', 'VLO', 'MCK', 'MRK', 'KLAC', 'WRB', 'EQT', 'TRGP')","(0.01, 0.010000000000000252, 0.01, 0.01, 0.01000000000000008, 0.01, 0.010000000000000283, 0.01, 0.29999999999999954, 0.010000000000000106, 0.010000000000000321, 0.25999999999999973, 0.010000000000000035, 0.01, 0.010000000000000196, 0.2999999999999996, 0.010000000000000177)",2.0572117285259286,2023-11-11 13:25:39.703309
42,"('PH', 'CBOE', 'CF', 'ACGL', 'CB', 'LIN', 'PCG', 'PWR', 'LVS', 'HAL', 'WRB', 'AVGO', 'PGR', 'REGN', 'ETN', 'TMUS', 'CDNS', 'FANG', 'IR', 'RCL', 'TT', 'IRM', 'MCK', 'ORLY', 'GD', 'LMT', 'HUBB', 'MAR', 'NOC', 'XOM', 'FSLR', 'CI', 'DHI', 'GE', 'EOG', 'AJG', 'ROL', 'FICO', 'LLY', 'GWW', 'BKR', 'SLB')","(0.005000000000000172, 0.005000000000000012, 0.005, 0.20499999999999974, 0.005000000000000009, 0.0050000000000003314, 0.005, 0.005, 0.005000000000000118, 0.005000000000000346, 0.005000000000000213, 0.005, 0.005, 0.005000000000000135, 0.005000000000000131, 0.005, 0.005000000000000044, 0.00500000000000009, 0.005000000000000249, 0.005, 0.005000000000000227, 0.005, 0.005, 0.005000000000000056, 0.005, 0.005000000000000075, 0.0050000000000000825, 0.00500000000000007, 0.005, 0.005000000000000001, 0.005, 0.00500000000000017, 0.005000000000000016, 0.0050000000000000365, 0.005, 0.005000000000000024, 0.0050000000000001415, 0.2999999999999995, 0.2999999999999998, 0.005000000000000061, 0.005000000000000059, 0.005000000000000129)",2.190036550974714,2023-11-11 13:39:51.118252
50,"('IR', 'LDOS', 'PH', 'WRB', 'EG', 'PXD', 'SNA', 'CI', 'MSI', 'LLY', 'APA', 'PCAR', 'HAL', 'MRO', 'LIN', 'FICO', 'IT', 'MAR', 'AXON', 'EQT', 'CBOE', 'GL', 'GWW', 'TAP', 'FANG', 'PGR', 'VLO', 'NOC', 'PANW', 'TRGP', 'LVS', 'MCK', 'BKR', 'MPC', 'ORLY', 'AMGN', 'CTAS', 'PTC', 'TJX', 'CF', 'LMT', 'TMUS', 'SLB', 'AZO', 'PCG', 'REGN', 'GD', 'HII', 'BKNG', 'TT')","(0.005, 0.005, 0.005000000000000331, 0.005, 0.005, 0.005000000000000068, 0.005, 0.005, 0.005, 0.16500000000000367, 0.005, 0.005, 0.005, 0.005, 0.005, 0.3, 0.005, 0.005000000000000152, 0.005, 0.005000000000000851, 0.005, 0.005, 0.005, 0.005000000000000284, 0.005000000000000064, 0.005, 0.005, 0.005, 0.005, 0.005, 0.005, 0.005, 0.005000000000000117, 0.3, 0.005, 0.005, 0.005, 0.005, 0.005, 0.005, 0.005, 0.005000000000000161, 0.005, 0.005, 0.005, 0.005, 0.005, 0.005, 0.005, 0.005)",2.1905067413285626,2023-11-11 13:54:23.687345
10,"('XOM', 'PANW', 'FICO', 'NVDA', 'OXY', 'MCK', 'EG', 'APA', 'TRGP', 'RCL')","(0.01000000000000037, 0.010000000000000203, 0.29999999999999966, 0.2999999999999999, 0.29999999999999954, 0.039999999999999605, 0.01000000000000025, 0.010000000000000207, 0.010000000000000302, 0.010000000000000082)",1.885612649570639,2023-11-11 13:54:47.669325
11,"('MCK', 'FICO', 'EOG', 'EG', 'LMT', 'SNA', 'COP', 'BKNG', 'IT', 'ANET', 'AJG')","(0.2999999999999999, 0.3, 0.01, 0.01, 0.010000000000000033, 0.01, 0.030000000000000124, 0.01, 0.010000000000000024, 0.29999999999999993, 0.01)",1.8081162673929367,2023-11-11 13:54:57.855219
23,"('AJG', 'BKNG', 'PXD', 'PWR', 'LLY', 'ETN', 'HWM', 'KLAC', 'EQT', 'CDNS', 'WAB', 'SNPS', 'HII', 'FICO', 'FSLR', 'AZO', 'PKG', 'CMG', 'PCG', 'PTC', 'EG', 'VLO', 'TRGP')","(0.010000000000000182, 0.01, 0.01, 0.010000000000000535, 0.3, 0.010000000000000023, 0.01000000000000006, 0.010000000000000219, 0.20000000000000026, 0.01000000000000017, 0.01, 0.01, 0.01, 0.3, 0.01, 0.01, 0.01, 0.01, 0.01, 0.01, 0.01, 0.01, 0.010000000000000236)",1.8520720332513807,2023-11-11 13:56:41.804825
27,"('SNA', 'HAL', 'CAH', 'CTRA', 'SLB', 'WAB', 'VLO', 'CBOE', 'TJX', 'NOC', 'AVGO', 'COR', 'OXY', 'PWR', 'STLD', 'PGR', 'AZO', 'PCG', 'GL', 'CTAS', 'AJG', 'REGN', 'LLY', 'DHI', 'BKNG', 'MPC', 'LIN')","(0.010000000000000382, 0.01, 0.01, 0.01, 0.010000000000000613, 0.01, 0.01000000000000033, 0.010000000000000233, 0.010000000000000097, 0.010000000000000201, 0.01, 0.010000000000000194, 0.23087639654264472, 0.01, 0.01, 0.010000000000000075, 0.010000000000000274, 0.01, 0.01, 0.010000000000000236, 0.01000000000000004, 0.010000000000000132, 0.2291236034573544, 0.01, 0.010000000000000456, 0.29999999999999916, 0.01000000000000034)",2.1167282602165547,2023-11-11 13:57:45.733745
31,"('LLY', 'AXON', 'ANET', 'PCG', 'GE', 'MAR', 'GL', 'TAP', 'HAL', 'IR', 'CBOE', 'ORCL', 'RCL', 'CTRA', 'HWM', 'GWW', 'PTC', 'FSLR', 'SLB', 'AZO', 'WAB', 'EG', 'BSX', 'MPC', 'AVGO', 'PANW', 'PH', 'BKR', 'CVX', 'PXD', 'HUBB')","(0.2999999999999998, 0.005, 0.00500000000000015, 0.005000000000000044, 0.005, 0.005000000000000073, 0.005, 0.005, 0.005, 0.005000000000000416, 0.005000000000000082, 0.005, 0.005000000000000057, 0.005, 0.005, 0.005, 0.005, 0.005000000000000001, 0.26000000000000134, 0.005, 0.0050000000000000305, 0.005000000000000002, 0.005000000000000125, 0.29999999999999966, 0.005, 0.005000000000000069, 0.005, 0.005, 0.005000000000000028, 0.005000000000000205, 0.005)",1.988656859224971,2023-11-11 13:59:49.124920
32,"('HII', 'URI', 'CVX', 'ORCL', 'BKR', 'FICO', 'MNST', 'AZO', 'WAB', 'AMGN', 'CDNS', 'MCK', 'GWW', 'HES', 'NUE', 'IRM', 'CTAS', 'TDG', 'TJX', 'PKG', 'FSLR', 'COR', 'LLY', 'GE', 'SNA', 'CTRA', 'ORLY', 'CMG', 'ANET', 'OXY', 'PANW', 'NOC')","(0.005, 0.005000000000000052, 0.005000000000000089, 0.005, 0.005, 0.2999999999999989, 0.005000000000000266, 0.005, 0.005, 0.005, 0.005000000000000307, 0.005000000000000208, 0.005000000000000277, 0.0049999999999999975, 0.005000000000000215, 0.005, 0.0050000000000001805, 0.005, 0.00500000000000032, 0.005000000000000436, 0.005, 0.00500000000000012, 0.2766759106408516, 0.005000000000000209, 0.005000000000000066, 0.005000000000000084, 0.00500000000000003, 0.005000000000000288, 0.005, 0.27832408935914926, 0.0050000000000000305, 0.005)",2.194693593251965,2023-11-11 14:00:21.471634
36,"('VRTX', 'LIN', 'MRK', 'KLAC', 'SLB', 'PGR', 'SNPS', 'FANG', 'LLY', 'FSLR', 'MMC', 'PCG', 'LVS', 'ANET', 'PTC', 'IRM', 'ACGL', 'XOM', 'CTAS', 'CTRA', 'GWW', 'PKG', 'HII', 'FICO', 'HES', 'CAT', 'TAP', 'TDG', 'PH', 'URI', 'BSX', 'CDNS', 'NVDA', 'RCL', 'COP', 'GL')","(0.005000000000000254, 0.005000000000000033, 0.005, 0.005, 0.005, 0.005, 0.005, 0.005, 0.3, 0.005, 0.005, 0.005, 0.005000000000000177, 0.0050000000000002, 0.00500000000000012, 0.005000000000000039, 0.005, 0.005, 0.005000000000000234, 0.00500000000000002, 0.005, 0.005000000000000101, 0.005000000000000038, 0.2999999999999998, 0.11922843049048491, 0.005000000000000191, 0.005, 0.005000000000000053, 0.005000000000000053, 0.0050000000000001025, 0.005000000000000073, 0.005000000000000021, 0.12077156950951469, 0.005000000000000195, 0.005, 0.005000000000000177)",2.0666115679401256,2023-11-11 14:03:31.777954
7,"('URI', 'PGR', 'LVS', 'MCK', 'OXY', 'LLY', 'VLO')","(0.01, 0.01, 0.01, 0.3, 0.3, 0.3, 0.06999999999999978)",2.091205518033138,2023-11-12 15:03:29.625612
8,"('BKNG', 'LLY', 'ACGL', 'FANG', 'EG', 'FSLR', 'NUE', 'PCAR')","(0.01000000000000006, 0.2999999999999995, 0.3, 0.06000000000000015, 0.01, 0.3, 0.010000000000000002, 0.01)",1.8810449401306648,2023-11-12 15:03:53.853081
6,"('COP', 'MCK', 'FICO', 'MPC', 'VRTX', 'FSLR')","(0.01000000000000034, 0.29999999999999954, 0.2999999999999999, 0.2999999999999999, 0.010000000000000571, 0.07999999999999982)",2.143161595573256,2023-11-12 15:07:09.295006
