n_combination,best_combination,best_portfolio_weights,min_volatility,timestamp
12,"('DVA', 'CVX', 'TRV', 'HRL', 'CME', 'MOH', 'BMY', 'EG', 'PANW', 'K', 'ROL', 'MCK')","(0.05066457478461831, 0.0689293301351342, 0.05279055060510131, 0.10306525892351677, 0.1678679848994364, 0.019395242179875052, 0.2121472146208318, 0.01677158909083064, 0.021235941325541432, 0.19324339983159633, 0.03412746988714207, 0.05976144371637554)",0.1273243890683523,2023-11-10 16:57:21.389161
24,"('BKR', 'PXD', 'KHC', 'DVA', 'BG', 'VZ', 'COR', 'LDOS', 'EA', 'LMT', 'LLY', 'TRV', 'PSX', 'TSN', 'HSY', 'CVX', 'DG', 'WMT', 'AIZ', 'ORLY', 'CBOE', 'LW', 'JNJ', 'CVS')","(0.01, 0.01, 0.064255873353306, 0.04043210350270547, 0.01, 0.06029741248628984, 0.01, 0.01, 0.10458716902843389, 0.07211767057994999, 0.01, 0.016366494893158716, 0.01, 0.029908130924447447, 0.0538927350252375, 0.010000000000000004, 0.010000000000000009, 0.0680472001760807, 0.02536393096841224, 0.02241696875123487, 0.11179324896451683, 0.013074100222745503, 0.217446961123481, 0.01)",0.1204525114948018,2023-11-10 17:01:06.253012
6,"('INCY', 'HRL', 'JNJ', 'EOG', 'HSY', 'MCK')","(0.1431102929649331, 0.16051561026548603, 0.3631550020106449, 0.061210562931857275, 0.1520322366897433, 0.1199762951373354)",0.1345913491168115,2023-11-10 17:12:30.589965
23,"('CAH', 'ELV', 'CHD', 'TSN', 'VLO', 'MRK', 'K', 'FANG', 'ED', 'COP', 'PXD', 'DLTR', 'ROL', 'D', 'EA', 'MPC', 'MKTX', 'CAG', 'CME', 'LDOS', 'AIZ', 'INCY', 'AMGN')","(0.01, 0.010000000000000009, 0.042431153935722915, 0.04368033459051858, 0.013408294629588952, 0.1423762376697067, 0.16951766528961792, 0.010000000000000014, 0.01816777416096375, 0.01, 0.010000000000000002, 0.01, 0.01984388037392266, 0.010000000000000009, 0.11589342287918547, 0.010000000000000007, 0.01, 0.01, 0.11896507413620573, 0.01, 0.03838308712076783, 0.08453760719216866, 0.08279546802163087)",0.124105540755537,2023-11-10 17:13:30.590315
38,"('WMT', 'SEDG', 'TAP', 'CL', 'PXD', 'PSX', 'NEM', 'HUM', 'LDOS', 'COR', 'VZ', 'HRL', 'ROL', 'CAH', 'K', 'CNC', 'PFE', 'LHX', 'HSY', 'CME', 'GIS', 'UNH', 'CPB', 'OXY', 'EA', 'MKTX', 'TSN', 'KMB', 'ABBV', 'CAG', 'FANG', 'CBOE', 'LVS', 'KHC', 'MO', 'LMT', 'MCK', 'ED')","(0.05477245096495155, 0.010000000000000024, 0.01, 0.01, 0.01, 0.010000000000000018, 0.010000000000000004, 0.01, 0.010000000000000005, 0.01, 0.05245828129198562, 0.055636365569814376, 0.010000000000000057, 0.010000000000000009, 0.06281899258217279, 0.01, 0.011596372601165899, 0.01000000000000002, 0.01, 0.04062098396711196, 0.01, 0.01000000000000001, 0.010000000000000012, 0.010000000000000014, 0.0818783690953228, 0.01, 0.010572353056571131, 0.07479218477721732, 0.08420487403620397, 0.01, 0.010000000000000005, 0.09770181994828883, 0.010000000000000002, 0.01, 0.058144822756255585, 0.04478982109068136, 0.03001230826225668, 0.01)",0.1212735713227605,2023-11-10 17:55:35.632436
5,"('HRL', 'JNJ', 'MPC', 'LVS', 'K')","(0.15201459747451163, 0.44840347703176786, 0.08783030882153371, 0.07242349837342264, 0.23932811829876424)",0.1351905520769713,2023-11-10 18:03:15.899215
11,"('JNJ', 'MKC', 'MO', 'CBOE', 'AIZ', 'ED', 'GIS', 'BKR', 'HUM', 'AMGN', 'COP')","(0.2567335238240427, 0.01, 0.12184750003712967, 0.17661994839746395, 0.06854789630873247, 0.04208389151267139, 0.1497513124325617, 0.0332146101876443, 0.04596103948983267, 0.08066568233192285, 0.014574595477998342)",0.1269747143284962,2023-11-10 18:15:14.380054
27,"('ORLY', 'WMT', 'SEDG', 'CAH', 'GEN', 'BAX', 'NEM', 'ABBV', 'EA', 'TTWO', 'SJM', 'PSX', 'COP', 'CBOE', 'AIZ', 'MKTX', 'MRK', 'DLTR', 'VLO', 'K', 'HUM', 'ROL', 'REGN', 'JNJ', 'DPZ', 'CAG', 'SLB')","(0.01000899661747516, 0.07023483059800924, 0.010000000000000005, 0.01, 0.01, 0.01, 0.02582821841758803, 0.049203410664406186, 0.09471959097387016, 0.010000000000000002, 0.05613295258728356, 0.014861632586840192, 0.01, 0.09782362134630224, 0.03549703118398168, 0.010000000000000005, 0.055810109689653886, 0.010000000000000018, 0.010000000000000007, 0.13207117086399348, 0.02969856277057782, 0.01, 0.010000000000000005, 0.18213733570300178, 0.015972535997016694, 0.01, 0.010000000000000009)",0.1209901715063117,2023-11-10 18:16:25.410848
8,"('HRL', 'FSLR', 'JNJ', 'DLTR', 'VZ', 'KMB', 'CHRW', 'CME')","(0.1333059679019149, 0.02645066582649982, 0.31339970749167634, 0.012950018755064843, 0.10629458576842886, 0.1688113778716294, 0.07239718672142326, 0.16639048966336256)",0.1290373473914542,2023-11-10 18:57:32.722356
31,"('PGR', 'EA', 'CVX', 'EOG', 'MPC', 'HSY', 'TAP', 'BG', 'CI', 'ROL', 'ORLY', 'K', 'EPAM', 'CNC', 'COP', 'UNH', 'BMY', 'FANG', 'ED', 'ELV', 'DVA', 'CL', 'LVS', 'LMT', 'VZ', 'GIS', 'CHRW', 'NEM', 'JNJ', 'HUM', 'LW')","(0.005000000000000012, 0.10795147822438445, 0.005, 0.005000000000000019, 0.005, 0.005, 0.0050000000000000044, 0.017567825533625014, 0.005, 0.005000000000000002, 0.04083737002219901, 0.10935044378882448, 0.005000000000000001, 0.0050000000000000175, 0.005000000000000002, 0.005000000000000005, 0.11473249162302589, 0.0050000000000000175, 0.005, 0.005000000000000015, 0.04102099694851085, 0.02210294924527034, 0.018127030261712914, 0.07614375548247786, 0.04819419929787013, 0.03764349463459462, 0.03774885041930793, 0.022716098260985872, 0.19680470650823972, 0.01574946375163615, 0.01830884599733491)",0.1202126606242933,2023-11-10 18:59:30.120773
39,"('TTWO', 'INCY', 'LMT', 'HSY', 'CHRW', 'ROL', 'CME', 'HRL', 'DVA', 'DLTR', 'TSN', 'PFE', 'CAH', 'GIS', 'MRO', 'CI', 'VZ', 'DVN', 'BAX', 'VRTX', 'BG', 'KHC', 'LHX', 'AZO', 'OXY', 'TRV', 'TAP', 'LDOS', 'KMB', 'CTLT', 'CNC', 'LW', 'NOC', 'BMY', 'CF', 'HES', 'HUM', 'NEM', 'CL')","(0.03770990401031572, 0.05591409715696448, 0.0759189241983837, 0.005, 0.015356584938643201, 0.0050000000000000175, 0.11209583968022961, 0.07272793390149723, 0.045866814586711074, 0.005000000000000004, 0.009058233872127055, 0.005, 0.005, 0.05669618751631314, 0.005, 0.005000000000000015, 0.055933520258336596, 0.005000000000000005, 0.005, 0.005, 0.005, 0.005, 0.005, 0.005, 0.005, 0.02345199143741686, 0.006248689906752671, 0.005, 0.12291917656473794, 0.005000000000000004, 0.005, 0.005000000000000002, 0.005000000000000002, 0.1494216686376031, 0.005000000000000007, 0.005, 0.00867463643913027, 0.01309465492038838, 0.028911141974448985)",0.1220707549477827,2023-11-10 19:02:07.548100
43,"('T', 'CVX', 'SEDG', 'VLO', 'HSY', 'ROL', 'UNH', 'LHX', 'PANW', 'LMT', 'EA', 'CHRW', 'GEN', 'JNJ', 'PGR', 'CI', 'K', 'LDOS', 'VZ', 'TTWO', 'ABBV', 'INCY', 'CME', 'XOM', 'MPC', 'HUM', 'MOH', 'CF', 'MRK', 'TRV', 'FSLR', 'TAP', 'MOS', 'PSX', 'CAG', 'KR', 'ELV', 'VRTX', 'CLX', 'NEM', 'EOG', 'LVS', 'CNC')","(0.005000000000000013, 0.005, 0.005000000000000017, 0.005, 0.013829167256469592, 0.0050000000000000175, 0.005, 0.005, 0.005, 0.052762477179059325, 0.08616428225108298, 0.03334743201367488, 0.007453594343481481, 0.1706719144499694, 0.005000000000000009, 0.005, 0.1505831165682636, 0.005, 0.03781507113546445, 0.005, 0.04581897162351308, 0.05625723964595633, 0.09001600547166048, 0.005, 0.005, 0.012226199646262216, 0.005, 0.005, 0.05110331374798584, 0.013448335310637867, 0.005, 0.005110109737409695, 0.005, 0.005, 0.005000000000000007, 0.01696179730867256, 0.005, 0.005000000000000001, 0.005, 0.01579038965516331, 0.005000000000000001, 0.015640582655272937, 0.005000000000000012)",0.1206245719366884,2023-11-10 19:04:22.044733
48,"('KMB', 'AZO', 'MO', 'D', 'T', 'TAP', 'K', 'MCK', 'AIZ', 'KR', 'BKR', 'VZ', 'ELV', 'UNH', 'MRNA', 'REGN', 'PFE', 'XOM', 'FSLR', 'DLTR', 'MPC', 'BG', 'LLY', 'PSX', 'CTRA', 'OXY', 'MKTX', 'CHD', 'DPZ', 'CF', 'VLO', 'MOH', 'LVS', 'CBOE', 'CAG', 'PANW', 'PXD', 'GIS', 'CHRW', 'MKC', 'GILD', 'TSN', 'FANG', 'CI', 'HRL', 'ORLY', 'TRV', 'MRK')","(0.12321973369954962, 0.005000000000000031, 0.07259167260428, 0.0050000000000000044, 0.005000000000000005, 0.005000000000000005, 0.050425348023646586, 0.05503150671315534, 0.019755878146440187, 0.005, 0.005, 0.060526081464757235, 0.005000000000000006, 0.005000000000000002, 0.005000000000000003, 0.006375852990763455, 0.008320579971926721, 0.005000000000000005, 0.006449069545426085, 0.005, 0.005000000000000004, 0.005000000000000003, 0.0050000000000000044, 0.005000000000000009, 0.005, 0.005, 0.013207082707759965, 0.005000000000000001, 0.019846523465078845, 0.005, 0.005000000000000001, 0.005, 0.016254783943331692, 0.12762428716908614, 0.005, 0.006261616390078003, 0.005, 0.0395033324258131, 0.01987228273599947, 0.005, 0.005, 0.016350971561912085, 0.005000000000000004, 0.005000000000000008, 0.06329440398311012, 0.005, 0.024713106612784693, 0.11037588584510055)",0.1233595501412423,2023-11-10 19:07:46.422342
50,"('ORLY', 'KR', 'LW', 'INCY', 'DLTR', 'CNC', 'PGR', 'SJM', 'PSX', 'UNH', 'T', 'MRK', 'CHRW', 'VRTX', 'HUM', 'HAL', 'TAP', 'JNJ', 'MPC', 'TTWO', 'CPB', 'PFE', 'CAG', 'AIZ', 'ROL', 'MKC', 'PANW', 'GEN', 'ED', 'AMGN', 'REGN', 'CVX', 'MO', 'NEM', 'EA', 'XOM', 'BAX', 'MKTX', 'ABBV', 'KMB', 'DG', 'COP', 'HES', 'ELV', 'VZ', 'LHX', 'WMT', 'CHD', 'FSLR', 'EG')","(0.017743225454189333, 0.005, 0.008509650654929236, 0.0439414687206342, 0.005, 0.0050000000000000105, 0.005000000000000079, 0.05189602031769055, 0.005045559034271793, 0.005, 0.0050000000000000044, 0.049872976627913145, 0.02935467830520614, 0.005, 0.020218011428889713, 0.005000000000000043, 0.005000000000000011, 0.15380850664871162, 0.005, 0.005, 0.023490331145063048, 0.005000000000000004, 0.005000000000000017, 0.03879063224583548, 0.005, 0.005000000000000009, 0.005, 0.005000000000000003, 0.005000000000000007, 0.02595983682698838, 0.005, 0.005, 0.05538492991615902, 0.02084198882302628, 0.09332991856419262, 0.005000000000000003, 0.005, 0.005000000000000004, 0.041544069260057645, 0.07005307387960627, 0.005000000000000007, 0.005, 0.005000000000000009, 0.0050000000000000105, 0.036046438525528454, 0.0065013827945969525, 0.05766730082651009, 0.005, 0.005000000000000004, 0.005)",0.121179844459132,2023-11-10 19:09:32.949934
21,"('AIZ', 'BAX', 'TTWO', 'CL', 'TRV', 'TAP', 'PXD', 'HUM', 'BMY', 'LMT', 'MKC', 'KMB', 'PGR', 'GILD', 'CVX', 'CBOE', 'K', 'COR', 'GIS', 'PSX', 'MRO')","(0.03491832311537634, 0.010000000000000007, 0.05224376829480017, 0.051307339413330315, 0.029811535877038477, 0.01270164142603887, 0.01, 0.03478764038647042, 0.16594204609638571, 0.07405696659561706, 0.01, 0.12273614048360657, 0.01, 0.01, 0.014608325076736796, 0.14231114351640628, 0.1036185837846995, 0.016787437444520107, 0.05585398740565687, 0.02831512108331667, 0.01)",0.1239854782766151,2023-11-10 19:10:20.154801
37,"('CBOE', 'BMY', 'HRL', 'AIZ', 'CAG', 'MKC', 'MCK', 'SLB', 'ABBV', 'BKR', 'TSN', 'CTRA', 'COP', 'DG', 'WMT', 'CME', 'KHC', 'OXY', 'GILD', 'CVS', 'DLTR', 'MPC', 'ORLY', 'MRNA', 'MO', 'ELV', 'K', 'VZ', 'EPAM', 'LW', 'BIIB', 'VLO', 'KMB', 'CVX', 'DVA', 'LMT', 'LHX')","(0.10114924464036246, 0.1263648059779648, 0.048365479564458184, 0.015544121211572908, 0.005, 0.005000000000000018, 0.022401321086067464, 0.005000000000000018, 0.03810453940848206, 0.005, 0.015759352562671393, 0.005000000000000001, 0.005, 0.005000000000000005, 0.061209680018548804, 0.07062714269143648, 0.005, 0.005000000000000006, 0.0050000000000000044, 0.005000000000000014, 0.005, 0.005000000000000003, 0.010164493364408347, 0.005, 0.04830681761522216, 0.005000000000000035, 0.059875283724041904, 0.05822829177148329, 0.005000000000000008, 0.005000000000000001, 0.0050000000000000235, 0.005, 0.10166997797243044, 0.0050000000000000105, 0.039606477751985385, 0.07762297063886382, 0.005)",0.1197732741246913,2023-11-10 19:13:45.891586
44,"('HAL', 'PSX', 'CHD', 'BG', 'AIZ', 'AMGN', 'VZ', 'BAX', 'DVA', 'UNH', 'BMY', 'SEDG', 'MO', 'PGR', 'CAH', 'CLX', 'KHC', 'FSLR', 'TSN', 'MRK', 'EG', 'MKTX', 'AZO', 'VRTX', 'MOH', 'TRV', 'REGN', 'GIS', 'CME', 'LHX', 'MPC', 'KMB', 'TAP', 'MCK', 'TTWO', 'CVS', 'HUM', 'SLB', 'KR', 'ROL', 'JNJ', 'PFE', 'LW', 'DVN')","(0.005000000000000005, 0.020104864919084055, 0.005, 0.011108811950673026, 0.019953010061524834, 0.03885695528068093, 0.05046307208516162, 0.005000000000000003, 0.037451387449010345, 0.005000000000000002, 0.09532713178721937, 0.005, 0.05411046566062073, 0.0050000000000000175, 0.005000000000000009, 0.005000000000000005, 0.005119434988565258, 0.005071017583723017, 0.02343489813733852, 0.0445108746487365, 0.005, 0.005, 0.005000000000000003, 0.005, 0.005000000000000002, 0.005000000000000002, 0.005000000000000021, 0.07476602905119814, 0.09431566613271208, 0.0050000000000000044, 0.005, 0.1047802793153925, 0.005, 0.017315547895609285, 0.03721869149243651, 0.005, 0.005, 0.005, 0.011372168150928747, 0.005, 0.12971969340938466, 0.005, 0.005, 0.005000000000000017)",0.1208184512797479,2023-11-10 19:17:34.325771
45,"('HSY', 'CME', 'ED', 'CVS', 'TRV', 'ROL', 'DLTR', 'AZO', 'EA', 'LLY', 'SLB', 'GIS', 'FSLR', 'CNC', 'CLX', 'CBOE', 'LHX', 'NEM', 'MRK', 'CAG', 'CHD', 'PSX', 'HES', 'BKR', 'WMT', 'SEDG', 'MPC', 'NOC', 'ELV', 'PXD', 'CHRW', 'XOM', 'T', 'ABBV', 'PFE', 'INCY', 'CTLT', 'GILD', 'BMY', 'TTWO', 'OXY', 'MCK', 'KHC', 'CL', 'CTRA')","(0.00817426184592715, 0.056595267249082024, 0.005000000000000014, 0.005, 0.02600359929711942, 0.005, 0.005000000000000023, 0.005, 0.08919833571881208, 0.005000000000000002, 0.005, 0.08966491749603317, 0.00500000000000001, 0.005, 0.005, 0.08224501079776536, 0.005000000000000004, 0.017145395668066412, 0.05708635927058877, 0.005000000000000007, 0.006159118940115551, 0.005, 0.005, 0.005, 0.07484804170339218, 0.005, 0.005, 0.005000000000000001, 0.005000000000000029, 0.005, 0.03252758905589119, 0.0050000000000000044, 0.01833800758651431, 0.04458711918191639, 0.005000000000000008, 0.0368894913690116, 0.005, 0.005000000000000008, 0.10298243831952927, 0.0064995888802996124, 0.005, 0.03583822108201741, 0.029653963069950932, 0.05556327346796709, 0.005000000000000021)",0.121625165039253,2023-11-10 19:18:16.085868
16,"('LDOS', 'FSLR', 'PXD', 'JNJ', 'MOH', 'VZ', 'OXY', 'HUM', 'CME', 'LVS', 'HRL', 'CBOE', 'KR', 'D', 'ORLY', 'ABBV')","(0.017953620576039973, 0.01563151759791435, 0.02630472572217953, 0.2541605312758197, 0.010000000000000002, 0.08878948619231468, 0.010000000000000007, 0.02544432530956365, 0.06909183460258267, 0.03127702882564124, 0.13654962951699234, 0.11967657258695882, 0.04868572696371658, 0.010000000000000004, 0.047614065000566946, 0.08882093582970933)",0.1243521434944686,2023-11-10 19:28:47.928788
19,"('KHC', 'AZO', 'NEM', 'CBOE', 'CF', 'LMT', 'HUM', 'AIZ', 'CI', 'MKTX', 'MPC', 'VZ', 'PSX', 'D', 'MRK', 'DVA', 'WMT', 'VLO', 'DLTR')","(0.09705709708246939, 0.01000000000000001, 0.02083279078635392, 0.152680379982653, 0.01, 0.13000243482296858, 0.028996488449691604, 0.03902363423533849, 0.01, 0.02698569394227876, 0.01, 0.0956339285626789, 0.01, 0.010000000000000002, 0.16180590780574958, 0.05285368931120406, 0.11412795501861377, 0.010000000000000002, 0.010000000000000002)",0.1263769436347094,2023-11-10 19:28:59.932599
20,"('HRL', 'BAX', 'CBOE', 'GIS', 'JNJ', 'ED', 'GILD', 'LW', 'CVX', 'AIZ', 'CVS', 'KMB', 'CF', 'LHX', 'INCY', 'HUM', 'D', 'WMT', 'AZO', 'MKC')","(0.06588492776495802, 0.01, 0.12795911524131892, 0.06573807219516783, 0.20419280115490274, 0.01, 0.010000000000000002, 0.01861649168252663, 0.0685257101793609, 0.048835088050918, 0.01, 0.13202053938130165, 0.01485509733510645, 0.014365960435081903, 0.06524733659117533, 0.03205102256990158, 0.010000000000000014, 0.06962256771757239, 0.012085269700707627, 0.010000000000000012)",0.122911992782391,2023-11-10 19:29:05.171868
9,"('INCY', 'MRK', 'CBOE', 'NOC', 'GIS', 'COR', 'TSN', 'KR', 'K')","(0.1259557671474461, 0.1651080540448547, 0.187651541126428, 0.04940315313770107, 0.08415340715781527, 0.08890128426511293, 0.08922700908662645, 0.05293214586147015, 0.1566676381725453)",0.130676303270326,2023-11-10 19:36:01.179579
17,"('DPZ', 'CBOE', 'LLY', 'CPB', 'K', 'MRNA', 'VLO', 'AIZ', 'BAX', 'AZO', 'PANW', 'NEM', 'SJM', 'GIS', 'MRK', 'VZ', 'KMB')","(0.03922378902155818, 0.15710207485681432, 0.010000000000000004, 0.010000000000000009, 0.07716645735851121, 0.010000000000000002, 0.04745101638732208, 0.05304500711894281, 0.01, 0.010000000000000002, 0.025117267927905893, 0.040507783453224575, 0.055963279461404836, 0.07887034465732155, 0.14403384636932615, 0.08659149233089074, 0.14492764105677777)",0.1266855101678955,2023-11-10 19:36:34.173959
42,"('EG', 'CME', 'GIS', 'HAL', 'NOC', 'TTWO', 'CBOE', 'ORLY', 'EPAM', 'DVA', 'NEM', 'DLTR', 'CAH', 'LVS', 'ABBV', 'LMT', 'CNC', 'VRTX', 'ROL', 'MO', 'BMY', 'K', 'INCY', 'HRL', 'CAG', 'CTRA', 'ED', 'VLO', 'PANW', 'KR', 'SJM', 'MRO', 'BKR', 'PSX', 'VZ', 'CHD', 'AZO', 'REGN', 'CI', 'TSN', 'COR', 'TRV')","(0.005, 0.0734550928470738, 0.037714417542927876, 0.005, 0.005, 0.03317039018501391, 0.09465580120004638, 0.01634465010518528, 0.005000000000000026, 0.037045327558759354, 0.011466143562308028, 0.005000000000000007, 0.005, 0.005, 0.04846279290236512, 0.0734057881656365, 0.005, 0.0050000000000000105, 0.005, 0.04861800836214348, 0.12289588975754831, 0.0908738818473591, 0.04365788336251267, 0.057216610364854155, 0.0050000000000000175, 0.005000000000000004, 0.005, 0.005000000000000013, 0.005000000000000009, 0.008513233109068017, 0.013288172295545726, 0.005, 0.005000000000000017, 0.005000000000000014, 0.05404748353051916, 0.006695377764860094, 0.005000000000000007, 0.005, 0.005, 0.013473055536273116, 0.005000000000000001, 0.005000000000000004)",0.1198161119057648,2023-11-10 19:45:46.538757
25,"('EA', 'MO', 'PXD', 'CPB', 'EG', 'PFE', 'CME', 'MKTX', 'TSN', 'MRK', 'GEN', 'CAH', 'CVS', 'EOG', 'CL', 'CHRW', 'JNJ', 'LHX', 'ROL', 'INCY', 'SLB', 'DLTR', 'AZO', 'KMB', 'BKR')","(0.09754519235278118, 0.07181065598175172, 0.01, 0.06478696139376715, 0.010856793714304779, 0.010000000000000021, 0.10417321047273409, 0.01, 0.03157416314156561, 0.08658904642427158, 0.01163023392708643, 0.01, 0.01, 0.01, 0.02538726074043881, 0.03715598995521134, 0.17992835136219418, 0.017419079042267957, 0.01, 0.06304552899575248, 0.010000000000000004, 0.010000000000000004, 0.01, 0.08809753249587267, 0.01)",0.1220903371206549,2023-11-10 19:52:53.522967
29,"('WMT', 'HUM', 'GIS', 'HES', 'AIZ', 'JNJ', 'D', 'CAG', 'T', 'FANG', 'CPB', 'FSLR', 'ED', 'NFLX', 'BAX', 'CBOE', 'TAP', 'DVA', 'CLX', 'XOM', 'EA', 'INCY', 'BMY', 'CTRA', 'EPAM', 'MO', 'MOS', 'AZO', 'CHRW')","(0.06450736055028523, 0.015368359992755709, 0.08041487260124325, 0.010000000000000004, 0.030792767448103144, 0.17606819593435521, 0.010000000000000005, 0.010000000000000012, 0.01, 0.010000000000000009, 0.04018211181659275, 0.01, 0.01, 0.010000000000000014, 0.010000000000000021, 0.1022771554282039, 0.01, 0.030697621732614838, 0.01, 0.01, 0.08908256634417276, 0.03208940165997281, 0.10029851771177997, 0.01000000000000001, 0.010000000000000005, 0.057661771773861906, 0.01, 0.01, 0.020559297006058682)",0.1210166598791154,2023-11-10 19:54:27.128713
33,"('SLB', 'LDOS', 'SJM', 'EA', 'REGN', 'CME', 'CL', 'MCK', 'CHD', 'D', 'BAX', 'MRO', 'K', 'BG', 'TTWO', 'MRK', 'DPZ', 'GIS', 'ELV', 'AMGN', 'CHRW', 'JNJ', 'TRV', 'BMY', 'KMB', 'NEM', 'MRNA', 'LHX', 'CLX', 'LVS', 'CVX', 'GILD', 'GEN')","(0.005, 0.010643304348565969, 0.03157369401447491, 0.08620342983469832, 0.005, 0.08682311828217976, 0.005000000000000007, 0.043755641933100095, 0.005, 0.005, 0.005000000000000006, 0.005, 0.10252112061503085, 0.0244221114552617, 0.006970997271581254, 0.04727815212180112, 0.024511240200745923, 0.024697314904619225, 0.005000000000000007, 0.030832140227681874, 0.040102332686691736, 0.14810385164905757, 0.02111089697988557, 0.0878683452776325, 0.05729098177448935, 0.020160129695062975, 0.005000000000000015, 0.005000000000000002, 0.005000000000000006, 0.01759924917645905, 0.019974014819608747, 0.005000000000000007, 0.007557932731371464)",0.1196212210939631,2023-11-10 19:56:44.774425
35,"('CL', 'TRV', 'GILD', 'CNC', 'TTWO', 'CPB', 'DLTR', 'TSN', 'EG', 'MCK', 'ORLY', 'ROL', 'DVA', 'PSX', 'FSLR', 'DG', 'AZO', 'CVX', 'KHC', 'CLX', 'MRK', 'ABBV', 'BKR', 'CBOE', 'CHRW', 'INCY', 'GEN', 'CVS', 'GIS', 'PGR', 'K', 'LDOS', 'KMB', 'CI', 'UNH')","(0.026918408726837557, 0.02129391191678541, 0.005, 0.005, 0.039595843989975, 0.005, 0.005, 0.032114328554820534, 0.005000000000000006, 0.051023354707794615, 0.005000000000000004, 0.005000000000000026, 0.0328223754381034, 0.02480889359705699, 0.006002628571688286, 0.005, 0.005, 0.02753941292508384, 0.007004405545821838, 0.005000000000000013, 0.10262628229306094, 0.06192280967929858, 0.0050000000000000044, 0.12215615234644475, 0.029638000390908133, 0.055405746057240184, 0.017850149669127863, 0.005000000000000001, 0.06052987371545895, 0.005, 0.0914772363128924, 0.008619350288338311, 0.10565083527326247, 0.005, 0.005000000000000005)",0.1225440801335225,2023-11-10 19:58:31.291505
15,"('VZ', 'TSN', 'PSX', 'MRK', 'INCY', 'FSLR', 'CLX', 'CF', 'LDOS', 'EA', 'COP', 'PANW', 'WMT', 'BMY', 'K')","(0.05238059151515505, 0.05056019742863465, 0.017961644526267948, 0.12084868886859079, 0.07090713721189071, 0.01, 0.01, 0.02399942734549849, 0.0236105039078161, 0.13784666036628004, 0.010000000000000004, 0.010000000000000002, 0.13599645129092328, 0.15210085907423987, 0.17378783846470292)",0.1241651938212435,2023-11-10 20:08:32.816087
18,"('LDOS', 'TSN', 'K', 'CHD', 'LHX', 'JNJ', 'CI', 'PGR', 'OXY', 'AIZ', 'DPZ', 'BKR', 'CME', 'KMB', 'CBOE', 'CAH', 'TRV', 'HRL')","(0.015517904182222852, 0.03633591435444255, 0.11252548967534304, 0.01, 0.02225796882439108, 0.2, 0.010000000000000004, 0.01, 0.010000000000000002, 0.027589201282658522, 0.03926578270536384, 0.029963697422526855, 0.09159039942804084, 0.12390968658174162, 0.12046969246166951, 0.012679252199207479, 0.04787123675667515, 0.08002377412571669)",0.1238728584191685,2023-11-10 20:08:47.972588
26,"('LVS', 'BG', 'MCK', 'PSX', 'SLB', 'MO', 'CPB', 'PFE', 'CVX', 'CME', 'CF', 'DPZ', 'CBOE', 'VLO', 'GIS', 'EA', 'KMB', 'K', 'DVA', 'VZ', 'ORLY', 'MKC', 'KHC', 'HRL', 'CTLT', 'ROL')","(0.010000000000000009, 0.01, 0.061406738427165326, 0.01, 0.010000000000000007, 0.07942567581068155, 0.010000000000000002, 0.042156906200764344, 0.012607913537710637, 0.06597094501366373, 0.01, 0.012338125535960847, 0.10695347641865648, 0.010000000000000002, 0.05730239690987833, 0.09826159513567831, 0.10783442651618813, 0.06089462410754382, 0.037310929228525996, 0.06439890014799647, 0.016124926837134197, 0.010000000000000016, 0.010000000000000004, 0.06701242017245189, 0.010000000000000007, 0.01)",0.121178686298795,2023-11-10 20:13:02.740574
36,"('BAX', 'CBOE', 'K', 'FANG', 'CLX', 'UNH', 'MO', 'MKTX', 'TTWO', 'OXY', 'MKC', 'COR', 'CAH', 'LDOS', 'EG', 'ORLY', 'LVS', 'MRK', 'MOS', 'BG', 'MPC', 'CI', 'MRO', 'SJM', 'LW', 'AZO', 'VRTX', 'BMY', 'KR', 'PANW', 'HRL', 'JNJ', 'T', 'PSX', 'MOH', 'HSY')","(0.005000000000000033, 0.11695815864220371, 0.09574713234926764, 0.005, 0.005, 0.005, 0.05821659914539834, 0.01667801665085965, 0.04016198919943615, 0.005, 0.005, 0.005, 0.005, 0.013398433687703135, 0.005000000000000002, 0.029771334260379517, 0.01718878505874255, 0.039714159453701374, 0.005, 0.011668191939704291, 0.005000000000000008, 0.005, 0.0050000000000000105, 0.028643822932479142, 0.005, 0.005000000000000007, 0.005, 0.10807076141811048, 0.01605701390235381, 0.006200283781171011, 0.08012828877745341, 0.19340692745266588, 0.023170378432790954, 0.014819722915578964, 0.005, 0.005000000000000001)",0.1214303125521822,2023-11-10 20:18:42.921155
41,"('CLX', 'EOG', 'ELV', 'TAP', 'CHRW', 'BKR', 'VZ', 'CPB', 'EPAM', 'COR', 'TSN', 'INCY', 'CME', 'JNJ', 'BMY', 'CBOE', 'PSX', 'PXD', 'UNH', 'CAH', 'FSLR', 'LMT', 'TRV', 'KHC', 'PGR', 'MKC', 'MKTX', 'ORLY', 'D', 'MOH', 'CAG', 'CTLT', 'NEM', 'KMB', 'EG', 'CHD', 'HES', 'MRNA', 'AIZ', 'OXY', 'SJM')","(0.005000000000000025, 0.005, 0.005, 0.005000000000000007, 0.02834123093617863, 0.005, 0.055528768965383356, 0.02937879299108978, 0.005, 0.005, 0.015017248752727131, 0.03713468443075692, 0.05976009936241837, 0.1618507413959733, 0.09624287334753176, 0.0976200229979542, 0.016368285992084737, 0.005, 0.005000000000000002, 0.005, 0.005, 0.06402723985165804, 0.008391562443776942, 0.012850612602409781, 0.005000000000000007, 0.005000000000000014, 0.005, 0.02189038536961825, 0.005, 0.005, 0.00500000000000002, 0.0050000000000000305, 0.019033130883636177, 0.0913638883232044, 0.005, 0.005, 0.005, 0.00500000000000001, 0.02482151150309085, 0.005000000000000002, 0.045378919850507335)",0.1204650679856572,2023-11-10 20:24:00.693642
46,"('MRNA', 'CAH', 'EG', 'LMT', 'NEM', 'COP', 'JNJ', 'WMT', 'ABBV', 'ED', 'HUM', 'D', 'FANG', 'KHC', 'AMGN', 'BKR', 'OXY', 'CAG', 'EA', 'DPZ', 'CL', 'KMB', 'HES', 'GEN', 'DVA', 'TRV', 'KR', 'K', 'LDOS', 'NOC', 'AIZ', 'CVS', 'LHX', 'PANW', 'EPAM', 'MOS', 'BMY', 'REGN', 'HRL', 'CME', 'COR', 'TAP', 'CHD', 'VRTX', 'MRO', 'VLO')","(0.005, 0.005000000000000006, 0.005000000000000008, 0.051744832644150876, 0.010755478681660505, 0.005, 0.12990446065464378, 0.06294680603664467, 0.00639825113084715, 0.00500000000000001, 0.014501182372396306, 0.005, 0.005000000000000013, 0.005, 0.025258934511780837, 0.005000000000000003, 0.005, 0.005000000000000027, 0.08862321876144376, 0.00900582978083088, 0.005000000000000004, 0.0652007541333771, 0.005000000000000013, 0.005000000000000001, 0.03814675389317758, 0.005, 0.005000000000000003, 0.08429810888327116, 0.00500000000000001, 0.005000000000000002, 0.023275603209302866, 0.005000000000000016, 0.005, 0.005000000000000004, 0.005, 0.005000000000000003, 0.10462483699035027, 0.00500000000000001, 0.05956140033468986, 0.07575354798143237, 0.005000000000000007, 0.005000000000000003, 0.005, 0.005, 0.005, 0.005)",0.1187979160143925,2023-11-10 20:31:30.016142
47,"('BKR', 'CAG', 'COR', 'CBOE', 'GIS', 'FSLR', 'CNC', 'ELV', 'MRNA', 'DG', 'XOM', 'CHD', 'SJM', 'NEM', 'HRL', 'JNJ', 'SEDG', 'MRK', 'EG', 'VZ', 'FANG', 'ABBV', 'CVS', 'BIIB', 'CL', 'LMT', 'COP', 'PFE', 'MPC', 'BG', 'LDOS', 'AZO', 'DVA', 'REGN', 'TTWO', 'ED', 'CVX', 'LVS', 'KHC', 'PANW', 'BMY', 'EA', 'DPZ', 'VRTX', 'ORLY', 'MO', 'PXD')","(0.0050000000000000175, 0.005, 0.005000000000000041, 0.10064250110187986, 0.04900839064082964, 0.00500000000000002, 0.005000000000000015, 0.005000000000000023, 0.005, 0.0050000000000000044, 0.005, 0.00550339591924431, 0.025288190757022665, 0.012647809865281585, 0.07409482500310682, 0.13910242664768568, 0.005000000000000023, 0.024030324634726822, 0.005, 0.046719430734997056, 0.005000000000000002, 0.029297043786556252, 0.0050000000000000365, 0.005000000000000104, 0.015577080186032096, 0.05127300691250015, 0.005, 0.005, 0.005, 0.005000000000000003, 0.005000000000000008, 0.005, 0.03516795638446897, 0.005000000000000007, 0.0050000000000000235, 0.005, 0.005, 0.007704107917672783, 0.010647715585543688, 0.005, 0.07771431944195034, 0.08348556149594087, 0.0050000000000000044, 0.0050000000000000044, 0.014409734920763771, 0.057686178063796556, 0.005000000000000008)",0.1187280076660013,2023-11-10 20:33:31.956652
49,"('PFE', 'HRL', 'TTWO', 'EOG', 'BIIB', 'HSY', 'TAP', 'LVS', 'MRO', 'REGN', 'CPB', 'ROL', 'KMB', 'BAX', 'VZ', 'CNC', 'LLY', 'AMGN', 'ABBV', 'MKC', 'BKR', 'CL', 'DPZ', 'KR', 'KHC', 'SLB', 'BMY', 'EPAM', 'FANG', 'CI', 'MO', 'ORLY', 'MRNA', 'UNH', 'EA', 'PXD', 'CLX', 'PANW', 'PSX', 'LW', 'COR', 'CBOE', 'WMT', 'MOS', 'NOC', 'LHX', 'INCY', 'DVA', 'CME')","(0.005, 0.07782103727359027, 0.005, 0.005000000000000016, 0.005000000000000013, 0.00500000000000001, 0.005, 0.005, 0.005, 0.005, 0.026618168919916068, 0.005, 0.09284421238863047, 0.00500000000000001, 0.04533691798542025, 0.005, 0.005000000000000006, 0.033495523194098126, 0.036357927011266854, 0.005, 0.005, 0.005000000000000023, 0.005, 0.005, 0.005000000000000007, 0.005, 0.11208716258897937, 0.005, 0.005000000000000002, 0.005, 0.05624695653964745, 0.010275137461709287, 0.005000000000000027, 0.005000000000000009, 0.07255786052237202, 0.005000000000000008, 0.005, 0.005000000000000009, 0.005, 0.005, 0.005000000000000001, 0.07974389426986148, 0.05493187465684768, 0.005000000000000022, 0.022947492894751204, 0.005, 0.02516855916129104, 0.03370556149368504, 0.0548617136379335)",0.1197852136967097,2023-11-10 20:37:52.575005
7,"('CPB', 'VLO', 'JNJ', 'MCK', 'CME', 'LMT', 'WMT')","(0.14879942349226946, 0.046795607313271016, 0.2, 0.10657336012144081, 0.1907824787184891, 0.13587531742367034, 0.1711738129308593)",0.1311132814343655,2023-11-10 20:40:29.788821
10,"('CF', 'VZ', 'HSY', 'JNJ', 'ABBV', 'TTWO', 'HUM', 'LDOS', 'CHRW', 'AMGN')","(0.023804523201857924, 0.10796395339648333, 0.17498024378520943, 0.2, 0.12884279544355023, 0.06972685910977867, 0.051318379329873036, 0.053043509594866374, 0.07181181837852597, 0.11850791775985504)",0.1292138461052363,2023-11-10 20:40:42.152963
14,"('LMT', 'LW', 'ABBV', 'DVA', 'JNJ', 'CHRW', 'SJM', 'HUM', 'EPAM', 'D', 'AMGN', 'CNC', 'NEM', 'CVX')","(0.1272369014388599, 0.07652167373449423, 0.08424462642032331, 0.03867981463907043, 0.2, 0.07934300374814889, 0.1314253832309309, 0.04893663640580533, 0.01, 0.014806957849774826, 0.09839963981581615, 0.01, 0.04248678295680045, 0.03791857975997559)",0.1270011631742597,2023-11-10 20:41:06.080921
28,"('DVA', 'TSN', 'JNJ', 'ABBV', 'GILD', 'MCK', 'CAH', 'ELV', 'CAG', 'CVX', 'CBOE', 'MPC', 'MOH', 'CI', 'HSY', 'BMY', 'TTWO', 'MRNA', 'PXD', 'COR', 'BKR', 'TAP', 'CF', 'REGN', 'CTRA', 'VLO', 'HRL', 'VRTX')","(0.035203384990615316, 0.032564147494179886, 0.19258960882662612, 0.05219918911107426, 0.010000000000000018, 0.02205985118175559, 0.010000000000000033, 0.01, 0.01, 0.010000000000000002, 0.12509176077415035, 0.010000000000000005, 0.010000000000000009, 0.010000000000000004, 0.0771472436995142, 0.11640749745999403, 0.04656806142416614, 0.01, 0.01, 0.01, 0.01, 0.016272729208264728, 0.01, 0.010000000000000002, 0.010000000000000009, 0.010000000000000002, 0.11389652582965945, 0.01)",0.1245913948563224,2023-11-10 20:43:43.541454
32,"('ABBV', 'PFE', 'UNH', 'T', 'INCY', 'LMT', 'DVA', 'MO', 'ROL', 'KR', 'JNJ', 'CAH', 'EPAM', 'MKC', 'ORLY', 'CAG', 'DLTR', 'ELV', 'D', 'KMB', 'LVS', 'HAL', 'CI', 'BMY', 'CF', 'SJM', 'CVS', 'EOG', 'DPZ', 'PXD', 'MOS', 'HSY')","(0.028363465541997486, 0.005, 0.005000000000000001, 0.02186125895597836, 0.0548660080060804, 0.08293504843855921, 0.04396410204254542, 0.06099473343927237, 0.016249125003537934, 0.0181264209358374, 0.1841969512112022, 0.005, 0.00500000000000001, 0.0050000000000000044, 0.03697968618499614, 0.005, 0.005, 0.005, 0.005, 0.1287365584865923, 0.02996007235137064, 0.005, 0.005, 0.10334506685393856, 0.007873825592081322, 0.043149231434002296, 0.005000000000000006, 0.005000000000000006, 0.01850673740311103, 0.012155184068243856, 0.005, 0.037736524050653086)",0.1229162797616607,2023-11-10 20:45:36.832417
13,"('PANW', 'TRV', 'HUM', 'WMT', 'LVS', 'MKTX', 'NEM', 'TSN', 'EA', 'KMB', 'VZ', 'JNJ', 'HRL')","(0.01, 0.11538776985843588, 0.048554549542339225, 0.11224116783853941, 0.02409524704363083, 0.01, 0.03706910936194949, 0.02298124042978615, 0.11420968671955205, 0.1313286360856531, 0.06990367570881775, 0.2, 0.10422891741129607)",0.1238092574278929,2023-11-10 21:10:28.392257
22,"('AIZ', 'TAP', 'MO', 'MPC', 'CHRW', 'LMT', 'OXY', 'CME', 'T', 'K', 'EA', 'DG', 'JNJ', 'MKTX', 'VZ', 'LW', 'MCK', 'TTWO', 'EPAM', 'D', 'SJM', 'KHC')","(0.030358702818312523, 0.01, 0.057098687521428874, 0.01, 0.04632039225772385, 0.08258969358228434, 0.010000000000000009, 0.09470549899914134, 0.01, 0.10111516826616662, 0.10077094385105927, 0.010000000000000004, 0.2, 0.010000000000000002, 0.0489103633292493, 0.02532123758884762, 0.06259508704689777, 0.010000000000000002, 0.01, 0.01, 0.04809017955459101, 0.012124045184297497)",0.1211815648111059,2023-11-10 21:11:30.113307
30,"('VRTX', 'ABBV', 'PXD', 'MRNA', 'D', 'GEN', 'HUM', 'EG', 'JNJ', 'UNH', 'SLB', 'PGR', 'BIIB', 'FANG', 'LVS', 'MCK', 'ORLY', 'K', 'CLX', 'CBOE', 'CPB', 'CVX', 'MPC', 'TTWO', 'CME', 'CHRW', 'CVS', 'PFE', 'LMT', 'TSN')","(0.01000000000000001, 0.051729570480223086, 0.010000000000000007, 0.010000000000000023, 0.01, 0.010151113950465918, 0.017305115579680407, 0.01, 0.1956812400702053, 0.01, 0.01, 0.01, 0.010000000000000004, 0.010000000000000009, 0.01525192417508391, 0.03065953005987068, 0.01348286029252888, 0.15328185197742025, 0.01, 0.09692540817736214, 0.02749398743226911, 0.010000000000000002, 0.010000000000000005, 0.03074250368922985, 0.07319034804069602, 0.044040689899524775, 0.01, 0.010000000000000009, 0.06580907018265654, 0.024254785992783)",0.1227799803274571,2023-11-10 21:14:28.454753
34,"('CNC', 'TTWO', 'CME', 'MRNA', 'TAP', 'K', 'GEN', 'BMY', 'LVS', 'T', 'AMGN', 'UNH', 'MRO', 'JNJ', 'KHC', 'CTRA', 'CPB', 'MO', 'CF', 'D', 'NOC', 'PANW', 'PSX', 'CBOE', 'WMT', 'SEDG', 'BKR', 'MOH', 'PFE', 'VZ', 'TSN', 'REGN', 'MOS', 'VRTX')","(0.005000000000000003, 0.0335599325561088, 0.06920669226591691, 0.0050000000000000175, 0.005, 0.12136633334462135, 0.005000000000000013, 0.11388923442503505, 0.016720095184184703, 0.005000000000000003, 0.03653581413966699, 0.005, 0.005, 0.15996549147560749, 0.011026100452830421, 0.005, 0.024798262113833718, 0.05199755073226566, 0.005, 0.005000000000000001, 0.009313496736573298, 0.005000000000000007, 0.017478280779578994, 0.09536993608268468, 0.08096446112210366, 0.005, 0.005, 0.005000000000000003, 0.005000000000000006, 0.04574915171441792, 0.02205916687457035, 0.005, 0.005000000000000022, 0.005)",0.1200704656045889,2023-11-10 21:17:03.872753
40,"('T', 'AMGN', 'KMB', 'PGR', 'NFLX', 'GIS', 'NEM', 'CLX', 'DLTR', 'DG', 'GEN', 'LMT', 'GILD', 'PANW', 'PXD', 'REGN', 'BMY', 'ELV', 'CVS', 'BKR', 'CNC', 'EG', 'MRK', 'MO', 'SLB', 'VLO', 'MRNA', 'TSN', 'LLY', 'HES', 'BIIB', 'FANG', 'HRL', 'TTWO', 'KR', 'WMT', 'ROL', 'JNJ', 'MCK', 'BG')","(0.010530348137252298, 0.042031263316637514, 0.10392910157468306, 0.005, 0.005, 0.026947904335740527, 0.02117970400676163, 0.005, 0.005000000000000013, 0.005000000000000009, 0.005000000000000001, 0.04743240514381003, 0.0050000000000000305, 0.0050000000000000105, 0.005, 0.005000000000000016, 0.1010557460650238, 0.005000000000000013, 0.00500000000000002, 0.005000000000000004, 0.005000000000000012, 0.009891646298914111, 0.04861320191433259, 0.0458487090278309, 0.005, 0.005000000000000003, 0.005, 0.013256485912081221, 0.005000000000000013, 0.005000000000000009, 0.005000000000000041, 0.005, 0.07829034550560661, 0.05261566962006892, 0.005000000000000009, 0.08085473375240665, 0.005, 0.13387251981458717, 0.04268385994212756, 0.025966355632135292)",0.1219923499595651,2023-11-10 21:22:36.386527
